IP Address,Port,Code,Country,Anonymity,Google,Https,Last Checked
,,,,,,,
159.197.250.171,3128,US,United States,elite proxy,no,yes,18 secs ago
130.41.65.206,8080,US,United States,elite proxy,yes,yes,18 secs ago
130.41.15.76,8080,US,United States,elite proxy,yes,yes,18 secs ago
198.49.68.80,80,US,United States,elite proxy,no,no,18 secs ago
88.210.37.28,80,US,United States,anonymous,yes,no,18 secs ago
130.41.47.235,8080,US,United States,elite proxy,yes,yes,18 secs ago
130.41.41.175,8080,US,United States,elite proxy,yes,yes,18 secs ago
85.208.210.128,8085,US,United States,transparent,no,no,7 mins ago
85.209.151.37,8085,US,United States,transparent,no,no,7 mins ago
193.233.143.206,8085,US,United States,transparent,no,no,7 mins ago
92.204.129.161,80,US,United States,transparent,no,no,7 mins ago
193.233.142.23,8085,US,United States,transparent,no,no,7 mins ago
93.177.117.66,8085,US,United States,transparent,no,no,7 mins ago
194.110.150.48,8085,US,United States,transparent,no,no,7 mins ago
193.233.142.207,8085,US,United States,transparent,no,no,7 mins ago
193.56.64.46,8085,US,United States,transparent,no,no,7 mins ago
185.77.220.120,8085,US,United States,transparent,no,no,7 mins ago
193.202.16.206,8085,US,United States,transparent,no,no,7 mins ago
193.233.142.75,8085,US,United States,transparent,no,no,7 mins ago
193.56.64.251,8085,US,United States,transparent,no,no,7 mins ago
193.151.161.209,8552,US,United States,transparent,no,no,7 mins ago
193.233.230.215,8085,US,United States,transparent,no,no,7 mins ago
193.233.231.73,8085,US,United States,transparent,no,no,7 mins ago
193.202.16.89,8085,US,United States,transparent,no,no,7 mins ago
193.233.137.250,8085,US,United States,transparent,no,no,7 mins ago
3.18.179.151,80,US,United States,transparent,no,no,7 mins ago
104.207.135.206,80,US,United States,transparent,no,no,7 mins ago
149.18.57.37,8085,US,United States,transparent,no,no,7 mins ago
176.126.111.186,8085,US,United States,transparent,no,no,7 mins ago
193.151.160.145,8232,US,United States,transparent,no,no,7 mins ago
193.233.141.14,8085,US,United States,transparent,no,no,7 mins ago
193.233.138.181,8085,US,United States,transparent,no,no,7 mins ago
193.202.16.101,8085,US,United States,transparent,no,no,7 mins ago
91.188.247.219,8085,US,United States,transparent,no,no,7 mins ago
138.197.27.127,80,US,United States,transparent,no,no,7 mins ago
149.18.29.105,8085,US,United States,transparent,no,no,7 mins ago
213.166.78.224,8085,US,United States,transparent,no,no,7 mins ago
193.233.228.223,8085,US,United States,transparent,no,no,7 mins ago
213.166.79.209,8085,US,United States,transparent,no,no,7 mins ago
193.151.160.133,8220,US,United States,transparent,no,no,7 mins ago
193.233.143.46,8085,US,United States,transparent,no,no,7 mins ago
193.233.231.215,8085,US,United States,transparent,no,no,7 mins ago
104.250.98.41,80,US,United States,transparent,no,no,7 mins ago
208.196.136.14,3128,US,United States,transparent,no,no,7 mins ago
149.18.56.168,8085,US,United States,transparent,no,no,7 mins ago
193.202.16.24,8085,US,United States,transparent,no,no,7 mins ago
193.151.161.60,8403,US,United States,transparent,no,no,7 mins ago
85.208.210.251,8085,US,United States,transparent,no,no,7 mins ago
193.233.141.105,8085,US,United States,transparent,no,no,7 mins ago
104.202.117.126,80,US,United States,transparent,no,no,7 mins ago
193.233.230.106,8085,US,United States,transparent,no,no,7 mins ago
185.77.220.248,8085,US,United States,transparent,no,no,7 mins ago
94.154.127.145,8085,US,United States,transparent,no,no,7 mins ago
85.208.210.187,8085,US,United States,transparent,no,no,7 mins ago
94.154.127.186,8085,US,United States,transparent,no,no,7 mins ago
193.151.161.105,8448,US,United States,transparent,no,no,7 mins ago
193.233.231.18,8085,US,United States,transparent,no,no,7 mins ago
193.233.138.114,8085,US,United States,transparent,no,no,7 mins ago
20.110.214.83,80,US,United States,anonymous,yes,no,10 mins ago
208.87.122.227,80,US,United States,anonymous,yes,yes,10 mins ago
93.188.161.84,80,US,United States,transparent,no,no,20 mins ago
138.68.60.8,8080,US,United States,anonymous,,no,20 mins ago
50.233.228.147,8080,US,United States,transparent,no,no,20 mins ago
64.138.255.146,80,US,United States,anonymous,,no,20 mins ago
129.41.171.244,8000,US,United States,elite proxy,no,yes,20 mins ago
23.107.176.100,32180,US,United States,elite proxy,no,yes,30 mins ago
184.191.162.4,3128,US,United States,anonymous,no,no,40 mins ago
3.144.188.184,8080,US,United States,anonymous,no,no,40 mins ago
173.82.149.243,8080,US,United States,anonymous,no,no,40 mins ago
198.59.191.234,8080,US,United States,elite proxy,no,yes,40 mins ago
128.199.13.74,80,US,United States,elite proxy,yes,no,41 mins ago
23.107.176.65,32180,US,United States,elite proxy,no,no,41 mins ago
217.180.218.36,8080,US,United States,transparent,no,no,46 mins ago
72.169.67.61,87,US,United States,anonymous,,no,50 mins ago
50.235.149.74,8080,US,United States,transparent,no,no,51 mins ago
77.83.86.62,8085,US,United States,transparent,no,no,52 mins ago
149.18.28.121,8085,US,United States,transparent,no,no,52 mins ago
94.231.216.203,8085,US,United States,transparent,no,no,52 mins ago
93.177.116.183,8085,US,United States,transparent,no,no,52 mins ago
62.204.35.120,8085,US,United States,transparent,no,no,52 mins ago
209.97.152.208,8888,US,United States,anonymous,,no,1 hour ago
198.229.231.13,8080,US,United States,transparent,no,no,1 hour 7 mins ago
192.184.198.140,8080,US,United States,transparent,no,no,1 hour 20 mins ago
208.52.137.149,5555,US,United States,transparent,no,no,1 hour 23 mins ago
69.167.41.111,8118,US,United States,elite proxy,,no,1 hour 30 mins ago
162.243.174.235,80,US,United States,elite proxy,yes,no,1 hour 40 mins ago
136.49.230.41,8118,US,United States,elite proxy,,no,1 hour 50 mins ago
47.88.8.118,30001,US,United States,elite proxy,,no,1 hour 50 mins ago
199.168.131.33,8181,US,United States,transparent,no,no,1 hour 54 mins ago
204.16.1.169,82,US,United States,elite proxy,no,no,2 hours ago
64.227.23.88,8118,US,United States,transparent,no,no,2 hours 4 mins ago
23.238.33.186,80,US,United States,transparent,no,no,2 hours 10 mins ago
103.152.112.145,80,US,United States,anonymous,no,no,2 hours 21 mins ago
74.205.128.200,80,US,United States,elite proxy,no,no,2 hours 21 mins ago
45.79.27.210,1080,US,United States,elite proxy,,yes,2 hours 40 mins ago
165.227.71.60,80,US,United States,elite proxy,,no,2 hours 41 mins ago
52.168.34.113,80,US,United States,transparent,no,no,2 hours 41 mins ago
208.52.145.199,5555,US,United States,transparent,no,no,2 hours 43 mins ago
208.52.157.124,5555,US,United States,transparent,no,no,2 hours 48 mins ago
208.52.180.83,5555,US,United States,transparent,no,no,2 hours 48 mins ago
208.52.157.102,5555,US,United States,transparent,no,no,2 hours 48 mins ago
154.85.58.149,80,US,United States,transparent,no,no,2 hours 48 mins ago
149.18.58.119,8085,US,United States,transparent,no,no,2 hours 48 mins ago
91.242.228.247,8085,US,United States,transparent,no,no,2 hours 48 mins ago
193.233.231.140,8085,US,United States,transparent,no,no,2 hours 48 mins ago
193.233.140.133,8085,US,United States,transparent,no,no,2 hours 48 mins ago
193.233.82.145,8085,US,United States,transparent,no,no,2 hours 48 mins ago
193.151.161.7,8350,US,United States,transparent,no,no,2 hours 48 mins ago
193.56.72.196,8085,US,United States,transparent,no,no,2 hours 48 mins ago
91.242.228.249,8085,US,United States,transparent,no,no,2 hours 48 mins ago
185.77.220.152,8085,US,United States,transparent,no,no,2 hours 48 mins ago
91.188.246.12,8085,US,United States,transparent,no,no,2 hours 48 mins ago
91.242.228.222,8085,US,United States,transparent,no,no,2 hours 48 mins ago
208.52.157.106,5555,US,United States,transparent,no,no,2 hours 48 mins ago
54.156.145.160,8080,US,United States,transparent,no,no,2 hours 48 mins ago
77.83.87.16,8085,US,United States,transparent,no,no,2 hours 48 mins ago
193.151.160.179,8266,US,United States,transparent,no,no,2 hours 48 mins ago
77.83.86.124,8085,US,United States,transparent,no,no,2 hours 48 mins ago
185.77.220.237,8085,US,United States,transparent,no,no,2 hours 48 mins ago
94.154.127.224,8085,US,United States,transparent,no,no,2 hours 48 mins ago
176.126.111.129,8085,US,United States,transparent,no,no,2 hours 48 mins ago
107.167.24.19,80,US,United States,transparent,no,no,2 hours 48 mins ago
193.233.229.30,8085,US,United States,transparent,no,no,2 hours 48 mins ago
176.126.111.101,8085,US,United States,transparent,no,no,2 hours 48 mins ago
193.233.231.147,8085,US,United States,transparent,no,no,2 hours 48 mins ago
85.209.151.120,8085,US,United States,transparent,no,no,2 hours 48 mins ago
3.21.218.72,80,US,United States,transparent,no,no,2 hours 48 mins ago
93.177.117.217,8085,US,United States,transparent,no,no,2 hours 48 mins ago
62.204.35.160,8085,US,United States,transparent,no,no,2 hours 48 mins ago
149.18.57.174,8085,US,United States,transparent,no,no,2 hours 48 mins ago
193.233.82.67,8085,US,United States,transparent,no,no,2 hours 48 mins ago
149.18.58.123,8085,US,United States,transparent,no,no,2 hours 48 mins ago
62.204.35.249,8085,US,United States,transparent,no,no,2 hours 48 mins ago
185.77.221.67,8085,US,United States,transparent,no,no,2 hours 48 mins ago
149.18.57.103,8085,US,United States,transparent,no,no,2 hours 48 mins ago
149.18.29.37,8085,US,United States,transparent,no,no,2 hours 48 mins ago
77.83.87.219,8085,US,United States,transparent,no,no,2 hours 48 mins ago
193.151.160.213,8300,US,United States,transparent,no,no,2 hours 48 mins ago
91.242.228.140,8085,US,United States,transparent,no,no,2 hours 48 mins ago
193.151.161.13,8356,US,United States,transparent,no,no,2 hours 48 mins ago
77.83.86.201,8085,US,United States,transparent,no,no,2 hours 48 mins ago
194.110.150.147,8085,US,United States,transparent,no,no,2 hours 48 mins ago
93.177.117.240,8085,US,United States,transparent,no,no,2 hours 48 mins ago
213.166.79.185,8085,US,United States,transparent,no,no,2 hours 48 mins ago
93.177.116.199,8085,US,United States,transparent,no,no,2 hours 48 mins ago
77.83.87.139,8085,US,United States,transparent,no,no,2 hours 48 mins ago
93.177.116.240,8085,US,United States,transparent,no,no,2 hours 48 mins ago
91.242.228.210,8085,US,United States,transparent,no,no,2 hours 48 mins ago
149.18.58.236,8085,US,United States,transparent,no,no,2 hours 48 mins ago
85.208.210.121,8085,US,United States,transparent,no,no,2 hours 48 mins ago
91.188.247.42,8085,US,United States,transparent,no,no,2 hours 48 mins ago
149.18.30.162,8085,US,United States,transparent,no,no,2 hours 48 mins ago
193.151.161.89,8432,US,United States,transparent,no,no,2 hours 48 mins ago
193.233.141.176,8085,US,United States,transparent,no,no,2 hours 48 mins ago
149.18.58.187,8085,US,United States,transparent,no,no,2 hours 48 mins ago
193.202.16.238,8085,US,United States,transparent,no,no,2 hours 48 mins ago
194.110.150.70,8085,US,United States,transparent,no,no,2 hours 48 mins ago
85.208.210.72,8085,US,United States,transparent,no,no,2 hours 48 mins ago
149.18.29.29,8085,US,United States,transparent,no,no,2 hours 48 mins ago
85.208.209.192,8085,US,United States,transparent,no,no,2 hours 48 mins ago
85.208.211.249,8085,US,United States,transparent,no,no,2 hours 48 mins ago
91.242.228.76,8085,US,United States,transparent,no,no,2 hours 48 mins ago
193.233.230.32,8085,US,United States,transparent,no,no,2 hours 48 mins ago
165.227.71.188,80,US,United States,transparent,no,no,2 hours 48 mins ago
213.166.78.175,8085,US,United States,transparent,no,no,2 hours 48 mins ago
62.204.35.210,8085,US,United States,transparent,no,no,2 hours 48 mins ago
77.83.86.142,8085,US,United States,transparent,no,no,2 hours 48 mins ago
149.18.31.243,8085,US,United States,transparent,no,no,2 hours 48 mins ago
91.188.246.58,8085,US,United States,transparent,no,no,2 hours 48 mins ago
194.110.150.200,8085,US,United States,transparent,no,no,2 hours 48 mins ago
85.209.151.201,8085,US,United States,transparent,no,no,2 hours 48 mins ago
149.18.31.48,8085,US,United States,transparent,no,no,2 hours 48 mins ago
213.166.79.182,8085,US,United States,transparent,no,no,2 hours 48 mins ago
85.209.151.90,8085,US,United States,transparent,no,no,2 hours 48 mins ago
93.177.117.22,8085,US,United States,transparent,no,no,2 hours 48 mins ago
194.110.150.93,8085,US,United States,transparent,no,no,2 hours 48 mins ago
85.208.211.167,8085,US,United States,transparent,no,no,2 hours 48 mins ago
193.233.143.153,8085,US,United States,transparent,no,no,2 hours 48 mins ago
149.18.56.153,8085,US,United States,transparent,no,no,2 hours 48 mins ago
176.126.111.183,8085,US,United States,transparent,no,no,2 hours 48 mins ago
149.18.29.157,8085,US,United States,transparent,no,no,2 hours 48 mins ago
194.110.150.100,8085,US,United States,transparent,no,no,2 hours 48 mins ago
85.209.150.87,8085,US,United States,transparent,no,no,2 hours 48 mins ago
97.102.248.16,8118,US,United States,transparent,no,no,2 hours 48 mins ago
213.166.78.171,8085,US,United States,transparent,no,no,2 hours 48 mins ago
149.18.28.172,8085,US,United States,transparent,no,no,2 hours 51 mins ago
193.56.72.162,8085,US,United States,transparent,no,no,2 hours 51 mins ago
94.231.216.65,8085,US,United States,transparent,no,no,2 hours 51 mins ago
213.166.78.31,8085,US,United States,transparent,no,no,2 hours 51 mins ago
149.18.28.191,8085,US,United States,transparent,no,no,2 hours 51 mins ago
94.154.127.27,8085,US,United States,transparent,no,no,2 hours 51 mins ago
149.18.30.210,8085,US,United States,transparent,no,no,2 hours 51 mins ago
193.233.83.135,8085,US,United States,transparent,no,no,2 hours 51 mins ago
193.233.142.188,8085,US,United States,transparent,no,no,2 hours 51 mins ago
193.233.229.40,8085,US,United States,transparent,no,no,2 hours 51 mins ago
213.166.79.215,8085,US,United States,transparent,no,no,2 hours 51 mins ago
85.209.151.21,8085,US,United States,transparent,no,no,2 hours 51 mins ago
193.56.64.252,8085,US,United States,transparent,no,no,2 hours 51 mins ago
193.233.140.106,8085,US,United States,transparent,no,no,2 hours 51 mins ago
193.233.140.149,8085,US,United States,transparent,no,no,2 hours 51 mins ago
