IP Address,Port,Code,Country,Anonymity,Google,Https,Last Checked
,,,,,,,
20.110.214.83,80,US,United States,anonymous,no,no,2 secs ago
198.49.68.80,80,US,United States,elite proxy,no,no,2 secs ago
165.154.253.18,80,US,United States,anonymous,yes,no,2 secs ago
130.41.65.206,8080,US,United States,elite proxy,yes,yes,2 secs ago
130.41.41.175,8080,US,United States,elite proxy,yes,yes,2 secs ago
130.41.15.76,8080,US,United States,elite proxy,yes,yes,2 secs ago
130.41.47.235,8080,US,United States,elite proxy,yes,yes,2 secs ago
23.107.176.65,32180,US,United States,elite proxy,no,yes,2 secs ago
67.200.146.75,3128,US,United States,anonymous,no,yes,10 mins ago
129.41.171.244,8000,US,United States,anonymous,no,yes,10 mins ago
66.29.154.103,3128,US,United States,anonymous,no,no,11 mins ago
66.29.154.105,3128,US,United States,anonymous,no,no,20 mins ago
24.172.34.114,49920,US,United States,transparent,no,no,25 mins ago
47.253.0.126,31730,US,United States,elite proxy,,no,31 mins ago
143.198.228.250,80,US,United States,anonymous,,no,31 mins ago
34.75.123.131,80,US,United States,elite proxy,,no,31 mins ago
74.205.128.200,80,US,United States,elite proxy,,no,50 mins ago
159.89.132.108,8989,US,United States,transparent,no,no,1 hour 15 mins ago
45.79.223.53,18888,US,United States,transparent,no,no,1 hour 15 mins ago
167.99.174.59,80,US,United States,transparent,no,no,1 hour 15 mins ago
165.227.71.60,80,US,United States,elite proxy,,no,1 hour 20 mins ago
3.144.188.184,8080,US,United States,anonymous,no,no,1 hour 20 mins ago
104.45.128.122,80,US,United States,elite proxy,,no,1 hour 20 mins ago
198.59.191.234,8080,US,United States,elite proxy,,no,1 hour 20 mins ago
103.152.112.145,80,US,United States,anonymous,,no,1 hour 20 mins ago
216.137.184.253,80,US,United States,elite proxy,,no,1 hour 20 mins ago
104.225.220.233,80,US,United States,elite proxy,,no,1 hour 20 mins ago
208.52.157.81,5555,US,United States,transparent,no,no,1 hour 25 mins ago
184.191.162.4,3128,US,United States,anonymous,no,no,1 hour 31 mins ago
52.168.34.113,80,US,United States,elite proxy,no,no,1 hour 31 mins ago
198.229.231.13,8080,US,United States,transparent,no,no,1 hour 37 mins ago
72.169.66.225,87,US,United States,transparent,no,no,1 hour 38 mins ago
68.183.143.134,80,US,United States,transparent,no,no,1 hour 41 mins ago
138.197.102.119,80,US,United States,transparent,no,no,1 hour 42 mins ago
208.52.157.91,5555,US,United States,transparent,no,no,1 hour 43 mins ago
138.68.60.8,8080,US,United States,anonymous,no,no,2 hours ago
108.170.12.10,80,US,United States,elite proxy,no,no,2 hours 10 mins ago
128.199.13.74,80,US,United States,transparent,no,no,2 hours 10 mins ago
149.18.59.230,8085,US,United States,transparent,no,no,2 hours 13 mins ago
45.79.253.142,4153,US,United States,elite proxy,no,yes,2 hours 20 mins ago
45.56.83.46,80,US,United States,anonymous,,yes,2 hours 20 mins ago
209.182.217.186,80,US,United States,elite proxy,yes,no,2 hours 21 mins ago
173.82.149.243,8080,US,United States,anonymous,yes,no,2 hours 21 mins ago
167.99.236.14,80,US,United States,elite proxy,no,no,2 hours 21 mins ago
64.227.106.157,80,US,United States,anonymous,,no,2 hours 21 mins ago
40.122.215.129,80,US,United States,anonymous,,no,2 hours 21 mins ago
159.65.69.186,9300,US,United States,elite proxy,,no,2 hours 21 mins ago
85.208.210.187,8085,US,United States,transparent,no,no,2 hours 22 mins ago
194.110.150.70,8085,US,United States,transparent,no,no,2 hours 22 mins ago
85.209.150.173,8085,US,United States,transparent,no,no,2 hours 22 mins ago
213.166.79.136,8085,US,United States,transparent,no,no,2 hours 22 mins ago
104.196.135.23,80,US,United States,transparent,no,no,2 hours 22 mins ago
176.126.111.148,8085,US,United States,transparent,no,no,2 hours 22 mins ago
62.204.35.249,8085,US,United States,transparent,no,no,2 hours 22 mins ago
185.77.220.248,8085,US,United States,transparent,no,no,2 hours 22 mins ago
149.18.59.31,8085,US,United States,transparent,no,no,2 hours 22 mins ago
85.209.149.200,8085,US,United States,transparent,no,no,2 hours 22 mins ago
62.204.35.120,8085,US,United States,transparent,no,no,2 hours 22 mins ago
185.77.220.118,8085,US,United States,transparent,no,no,2 hours 22 mins ago
194.110.150.180,8085,US,United States,transparent,no,no,2 hours 22 mins ago
54.242.70.230,80,US,United States,transparent,no,no,2 hours 22 mins ago
213.166.78.31,8085,US,United States,transparent,no,no,2 hours 22 mins ago
85.209.151.22,8085,US,United States,transparent,no,no,2 hours 22 mins ago
193.56.64.111,8085,US,United States,transparent,no,no,2 hours 22 mins ago
93.177.116.76,8085,US,United States,transparent,no,no,2 hours 22 mins ago
94.231.217.44,8085,US,United States,transparent,no,no,2 hours 22 mins ago
213.166.79.189,8085,US,United States,transparent,no,no,2 hours 22 mins ago
149.18.30.152,8085,US,United States,transparent,no,no,2 hours 22 mins ago
193.233.82.22,8085,US,United States,transparent,no,no,2 hours 22 mins ago
94.231.216.197,8085,US,United States,transparent,no,no,2 hours 22 mins ago
185.77.220.28,8085,US,United States,transparent,no,no,2 hours 22 mins ago
149.18.58.207,8085,US,United States,transparent,no,no,2 hours 22 mins ago
149.18.58.215,8085,US,United States,transparent,no,no,2 hours 22 mins ago
104.202.117.126,80,US,United States,transparent,no,no,2 hours 22 mins ago
85.208.210.54,8085,US,United States,transparent,no,no,2 hours 22 mins ago
94.154.127.216,8085,US,United States,transparent,no,no,2 hours 22 mins ago
149.18.29.178,8085,US,United States,transparent,no,no,2 hours 22 mins ago
149.18.29.107,8085,US,United States,transparent,no,no,2 hours 22 mins ago
193.151.161.12,8355,US,United States,transparent,no,no,2 hours 22 mins ago
12.139.101.101,80,US,United States,transparent,no,no,2 hours 22 mins ago
93.177.117.200,8085,US,United States,transparent,no,no,2 hours 22 mins ago
193.233.82.221,8085,US,United States,transparent,no,no,2 hours 22 mins ago
185.77.220.120,8085,US,United States,transparent,no,no,2 hours 22 mins ago
149.18.58.116,8085,US,United States,transparent,no,no,2 hours 22 mins ago
149.18.29.12,8085,US,United States,transparent,no,no,2 hours 22 mins ago
71.183.100.116,80,US,United States,transparent,no,no,2 hours 22 mins ago
185.77.220.48,8085,US,United States,transparent,no,no,2 hours 22 mins ago
62.204.35.149,8085,US,United States,transparent,no,no,2 hours 22 mins ago
94.231.216.122,8085,US,United States,transparent,no,no,2 hours 22 mins ago
208.52.166.111,5555,US,United States,transparent,no,no,2 hours 22 mins ago
185.77.221.242,8085,US,United States,transparent,no,no,2 hours 22 mins ago
77.83.86.251,8085,US,United States,transparent,no,no,2 hours 22 mins ago
94.154.127.135,8085,US,United States,transparent,no,no,2 hours 22 mins ago
149.18.58.226,8085,US,United States,transparent,no,no,2 hours 22 mins ago
62.204.35.84,8085,US,United States,transparent,no,no,2 hours 22 mins ago
149.18.28.45,8085,US,United States,transparent,no,no,2 hours 22 mins ago
62.204.35.24,8085,US,United States,transparent,no,no,2 hours 22 mins ago
193.233.83.122,8085,US,United States,transparent,no,no,2 hours 22 mins ago
104.207.135.206,80,US,United States,transparent,no,no,2 hours 22 mins ago
185.77.221.184,8085,US,United States,transparent,no,no,2 hours 22 mins ago
176.126.111.226,8085,US,United States,transparent,no,no,2 hours 22 mins ago
93.177.116.155,8085,US,United States,transparent,no,no,2 hours 22 mins ago
193.202.16.223,8085,US,United States,transparent,no,no,2 hours 22 mins ago
94.154.127.94,8085,US,United States,transparent,no,no,2 hours 22 mins ago
209.97.155.220,999,US,United States,transparent,no,no,2 hours 22 mins ago
85.209.150.249,8085,US,United States,transparent,no,no,2 hours 22 mins ago
85.209.149.253,8085,US,United States,transparent,no,no,2 hours 22 mins ago
185.77.221.161,8085,US,United States,transparent,no,no,2 hours 22 mins ago
91.242.228.183,8085,US,United States,transparent,no,no,2 hours 22 mins ago
149.18.29.42,8085,US,United States,transparent,no,no,2 hours 22 mins ago
104.37.101.65,8181,US,United States,transparent,no,no,2 hours 22 mins ago
91.242.228.186,8085,US,United States,transparent,no,no,2 hours 22 mins ago
93.177.116.238,8085,US,United States,transparent,no,no,2 hours 22 mins ago
157.245.222.183,80,US,United States,transparent,no,no,2 hours 22 mins ago
193.202.16.24,8085,US,United States,transparent,no,no,2 hours 22 mins ago
77.83.86.123,8085,US,United States,transparent,no,no,2 hours 22 mins ago
192.109.165.171,80,US,United States,transparent,no,no,2 hours 22 mins ago
85.208.210.79,8085,US,United States,transparent,no,no,2 hours 22 mins ago
192.236.160.186,80,US,United States,elite proxy,yes,no,2 hours 30 mins ago
209.126.6.159,80,US,United States,elite proxy,,no,2 hours 41 mins ago
50.112.212.20,80,US,United States,elite proxy,,no,2 hours 41 mins ago
50.18.70.79,80,US,United States,elite proxy,,no,2 hours 41 mins ago
74.208.177.198,80,US,United States,transparent,no,no,2 hours 44 mins ago
208.52.157.94,5555,US,United States,transparent,no,no,2 hours 46 mins ago
34.233.153.4,80,US,United States,elite proxy,yes,no,2 hours 50 mins ago
34.125.48.96,5555,US,United States,elite proxy,,no,2 hours 50 mins ago
34.125.215.204,5555,US,United States,elite proxy,,no,2 hours 50 mins ago
205.207.100.33,8282,US,United States,transparent,no,no,2 hours 51 mins ago
45.66.248.136,3128,US,United States,transparent,no,no,2 hours 51 mins ago
143.198.182.218,80,US,United States,elite proxy,,no,3 hours ago
73.209.87.210,80,US,United States,transparent,no,no,3 hours 1 min ago
184.155.36.194,8080,US,United States,transparent,no,no,3 hours 6 mins ago
162.243.174.235,80,US,United States,transparent,no,no,3 hours 6 mins ago
3.226.168.144,80,US,United States,elite proxy,,no,3 hours 10 mins ago
35.88.27.49,80,US,United States,elite proxy,,no,3 hours 10 mins ago
3.212.9.208,80,US,United States,elite proxy,,no,3 hours 10 mins ago
137.184.197.190,80,US,United States,elite proxy,,no,3 hours 10 mins ago
208.52.166.108,5555,US,United States,anonymous,yes,yes,3 hours 10 mins ago
50.235.149.74,8080,US,United States,transparent,no,no,3 hours 16 mins ago
71.43.117.66,3129,US,United States,anonymous,yes,yes,3 hours 16 mins ago
71.43.117.67,3129,US,United States,anonymous,yes,yes,3 hours 16 mins ago
69.167.41.111,8118,US,United States,transparent,no,no,3 hours 18 mins ago
167.99.124.118,80,US,United States,anonymous,,no,3 hours 20 mins ago
44.201.204.93,80,US,United States,anonymous,no,yes,3 hours 20 mins ago
162.252.147.129,8282,US,United States,transparent,no,no,3 hours 20 mins ago
162.252.144.161,8282,US,United States,transparent,no,no,3 hours 20 mins ago
38.10.247.165,9991,US,United States,transparent,no,no,3 hours 20 mins ago
178.128.146.76,80,US,United States,transparent,no,no,3 hours 20 mins ago
138.91.159.185,80,US,United States,elite proxy,,no,3 hours 31 mins ago
216.176.187.99,30042,US,United States,transparent,no,no,3 hours 31 mins ago
208.52.137.184,5555,US,United States,transparent,no,no,3 hours 38 mins ago
108.170.12.14,80,US,United States,transparent,no,no,3 hours 41 mins ago
76.80.19.107,8080,US,United States,transparent,no,no,3 hours 44 mins ago
104.155.179.128,3128,US,United States,transparent,no,no,3 hours 49 mins ago
149.57.11.17,8181,US,United States,transparent,no,no,3 hours 49 mins ago
72.14.185.111,3128,US,United States,transparent,no,no,3 hours 49 mins ago
45.56.118.137,3128,US,United States,elite proxy,,no,3 hours 50 mins ago
157.230.51.102,3128,US,United States,transparent,no,no,3 hours 50 mins ago
208.52.137.178,5555,US,United States,transparent,no,no,3 hours 50 mins ago
162.144.236.128,80,US,United States,transparent,no,no,3 hours 51 mins ago
208.109.191.161,80,US,United States,transparent,no,no,4 hours ago
75.72.76.3,8118,US,United States,anonymous,,no,4 hours ago
209.97.150.167,8080,US,United States,anonymous,,no,4 hours ago
162.155.10.150,55443,US,United States,elite proxy,,no,4 hours ago
72.169.67.109,87,US,United States,transparent,no,no,4 hours 4 mins ago
162.144.233.16,80,US,United States,elite proxy,no,no,4 hours 11 mins ago
142.11.222.22,80,US,United States,elite proxy,no,no,4 hours 11 mins ago
142.11.247.191,3128,US,United States,transparent,no,no,4 hours 11 mins ago
162.0.226.218,80,US,United States,elite proxy,no,no,4 hours 11 mins ago
52.200.191.158,80,US,United States,elite proxy,no,no,4 hours 11 mins ago
154.12.243.75,80,US,United States,elite proxy,no,no,4 hours 11 mins ago
34.75.109.58,5555,US,United States,transparent,no,no,4 hours 12 mins ago
208.52.157.77,5555,US,United States,transparent,no,no,4 hours 16 mins ago
208.52.157.68,5555,US,United States,transparent,no,no,4 hours 16 mins ago
150.136.173.16,3128,US,United States,transparent,no,no,4 hours 18 mins ago
208.52.157.106,5555,US,United States,transparent,no,no,4 hours 22 mins ago
66.211.155.34,8080,US,United States,transparent,no,no,4 hours 27 mins ago
208.52.180.180,5555,US,United States,transparent,no,no,4 hours 32 mins ago
208.52.180.84,5555,US,United States,transparent,no,no,4 hours 45 mins ago
47.89.185.178,8888,US,United States,transparent,no,no,4 hours 45 mins ago
208.52.137.170,5555,US,United States,transparent,no,no,4 hours 45 mins ago
208.52.157.88,5555,US,United States,transparent,no,no,4 hours 45 mins ago
70.186.128.126,8080,US,United States,transparent,no,no,4 hours 45 mins ago
208.52.166.104,5555,US,United States,transparent,no,no,4 hours 45 mins ago
208.52.137.160,5555,US,United States,transparent,no,no,4 hours 45 mins ago
208.52.180.55,5555,US,United States,transparent,no,no,4 hours 54 mins ago
208.52.157.67,5555,US,United States,transparent,no,no,4 hours 54 mins ago
208.52.157.79,5555,US,United States,transparent,no,no,4 hours 54 mins ago
208.52.137.179,5555,US,United States,transparent,no,no,4 hours 54 mins ago
207.246.103.49,3128,US,United States,transparent,no,no,5 hours 2 mins ago
217.180.218.36,8080,US,United States,transparent,no,no,5 hours 2 mins ago
34.110.251.255,80,US,United States,transparent,no,no,5 hours 2 mins ago
208.52.157.102,5555,US,United States,transparent,no,no,5 hours 2 mins ago
64.227.62.123,80,US,United States,transparent,no,no,5 hours 2 mins ago
85.209.151.242,8085,US,United States,transparent,no,no,5 hours 2 mins ago
193.56.72.196,8085,US,United States,transparent,no,no,5 hours 2 mins ago
193.233.83.68,8085,US,United States,transparent,no,no,5 hours 2 mins ago
93.177.117.66,8085,US,United States,transparent,no,no,5 hours 2 mins ago
77.83.87.16,8085,US,United States,transparent,no,no,5 hours 2 mins ago
193.56.64.89,8085,US,United States,transparent,no,no,5 hours 2 mins ago
